ID,Performance Index
1,45.305876623067206
2,32.23657192146193
3,64.3416680845311
4,93.51551610754211
5,80.66004769410338
6,64.14831346210973
7,76.12190463896664
8,69.850715416464
9,63.732323833669746
10,83.25192657474796
11,51.302512486191944
12,72.9373541117492
13,38.68957781486688
14,58.48604227296463
15,53.56400799788683
16,52.71996949608804
17,68.17997386125934
18,47.67243187757972
19,79.06379357647162
20,65.1111089777873
21,43.52964616220945
22,84.36393948666091
23,52.28857329725619
24,51.12331627358152
25,65.81235917295511
26,76.09767048617519
27,66.61940998301066
28,37.21963931428522
29,65.81235917295511
30,61.47563904939966
31,70.31337430741823
32,78.42750731888682
33,35.73112273544241
34,43.79246122521651
35,70.08566969803044
36,33.72040760781235
37,44.41898146172184
38,62.5120128310226
39,40.334799119928
40,70.39085257197138
41,54.316343415418416
42,41.28860345171222
43,65.76937112429876
44,67.13514269883552
45,43.821601379883354
46,48.035926312228256
47,22.22324267274601
48,43.55351679879951
49,26.03764073721492
50,55.27233116384859
51,64.33448339155913
52,70.71892719186383
53,60.38825939515291
54,46.61900310542462
55,47.640300895932626
56,66.52928600237757
57,52.66721423293902
58,74.56940906987788
59,55.00151751069263
60,47.817848688402755
61,67.6635211307403
62,62.72790270090267
63,79.66760274791451
64,62.06274184999269
65,20.60293508321186
66,78.13792053604739
67,81.4129236388533
68,73.14790395363312
69,63.327929327338566
70,66.6129003502531
71,83.6835460608508
72,24.211282323987003
73,74.24449106133564
74,39.35568749845473
75,92.47977140346224
76,76.37291499569976
77,32.975549487029895
78,57.86368994450658
79,37.68703392022378
80,67.23418285092147
81,61.12894626005158
82,65.77306273215461
83,26.7378916145124
84,43.70624512200171
85,70.42689143103675
86,57.45952544957229
87,38.04964924120547
88,69.22489476742109
89,33.93216631300313
90,57.95876253339703
91,77.72804577278968
92,55.05278460735864
93,18.899720779164753
94,49.80637165754375
95,25.05139371454895
96,67.97855092967805
97,47.85300843380128
98,70.6257823262898
99,24.358830872850334
100,63.08828531345914
101,75.13094785926077
102,25.634435860372058
103,33.20562372466536
104,27.85598013306217
105,56.211092441442325
106,67.7868054688515
107,76.38053924550513
108,40.357111080115686
109,39.459527983967526
110,29.928830779375577
111,46.0512339864603
112,41.34897743395395
113,88.58794555963264
114,52.098566000307855
115,58.59968923151557
116,63.77020182699824
117,48.735159040341706
118,76.76288182227762
119,59.24296513065001
120,40.5119273802916
121,80.37833850630103
122,36.07880480942702
123,79.86608665948229
124,58.57058952880738
125,74.23589345160437
126,64.07599454466369
127,51.680624121303424
128,68.32966087228885
129,47.104433940631715
130,63.16687716686856
131,55.75230097594772
132,49.72728542480897
133,36.10923437055389
134,31.776341581263573
135,93.61935659305492
136,76.25551555010254
137,36.68422194905153
138,63.304274960310934
139,79.98856792455868
140,45.03559346389578
141,56.18806834537095
142,94.70036684347448
143,25.858763086326107
144,75.69264690230096
145,63.51754305012482
146,53.37439427510058
147,45.41142640791071
148,41.573514205344544
149,74.04948801877397
150,84.5308421443847
151,74.77167986375213
152,83.5273999022562
153,40.097776886114744
154,75.07975127251412
155,39.09661333508279
156,63.11461194574542
157,55.99238454666057
158,64.82847138453884
159,41.705916253173584
160,70.99737879793105
161,83.81020778239574
162,48.33121412407775
163,45.868316108033326
164,26.417834818587437
165,74.99090785852047
166,54.798356415233116
167,49.09430604073854
168,62.90571052400179
169,75.47505812708815
170,69.548553427464
171,60.6996885233859
172,56.60688933804223
173,66.01912213253256
174,86.94644062695863
175,30.667319496330858
176,69.46818662808981
177,17.131114568112388
178,33.80149442188074
179,27.705613559297145
180,53.18710522608222
181,42.09052748780883
182,73.31376684152792
183,41.46912399202864
184,60.99269764413886
185,68.0756240999021
186,76.21132903213729
187,44.56631927173543
188,28.22690707520169
189,27.525087488268046
190,82.79990728782737
191,63.44963575522883
192,46.9863293768594
193,77.08605044029466
194,69.83245036921178
195,59.62299895836525
196,44.04946743634163
197,42.93403549562307
198,51.28303857563285
199,51.09449468063628
200,35.43551636187131
201,55.625899285031785
202,58.90184568980289
203,77.58156705171604
204,92.14428880332684
205,22.3773961288175
206,87.96689187694795
207,94.60341466836226
208,62.424097822475055
209,67.78213497035706
210,88.33640590232817
211,41.786202509394634
212,82.09969686248854
213,49.0802686260394
214,46.45576872172185
215,52.93349761653093
216,34.585598498271224
217,72.43474927521964
218,70.05159782082697
219,51.706950753589695
220,80.01698253381866
221,82.94046738855425
222,29.47378021351609
223,61.035251666674455
224,34.52888606592465
225,63.21538106112482
226,53.939350899875876
227,44.646286966234875
228,47.59807096583131
229,34.36512118823735
230,54.79273708406082
231,72.87217059549586
232,34.27197079195066
233,84.02075762427964
234,43.71605159503984
235,69.69719103793558
236,41.7738180173569
237,30.975800403965575
238,70.81097336510065
239,49.11586792827134
240,31.002882639619415
241,41.77728633794176
242,22.362919157284935
243,35.215669322793694
244,78.6025476022767
245,52.715738554427034
246,42.12822480024829
247,86.16865546920286
248,74.23589345160437
249,81.57936631251192
250,82.17662539923859
251,83.28935832584574
252,34.59723742017519
253,69.43544460930501
254,60.888186435711134
255,34.301141004578206
256,36.63472426763763
257,80.19358149361092
258,49.05874599705206
259,71.85260296169449
260,79.23866357297044
261,57.14114713174831
262,51.65624420886893
263,36.30997773939968
264,65.55294192061355
265,75.31244729021576
266,45.447146705254475
267,62.92125732332404
268,62.69026021095515
269,46.665248735816085
270,42.94001132528817
271,66.79000858588981
272,32.125192066596384
273,47.16292833665166
274,77.34503366651546
275,26.476195671074294
276,82.67881189707481
277,77.76399488811714
278,75.46436250714936
279,61.16234741434013
280,24.458501295892546
281,64.4525475033728
282,14.040808792219359
283,87.32360342939225
284,85.1013595692397
285,89.64649107251289
286,46.47840374615227
287,83.40411556414502
288,48.79540163347365
289,42.542425779617595
290,70.29782750809599
291,38.535303363683575
292,32.18840409846671
293,38.02919644000781
294,84.7915488031863
295,61.511238351631604
296,65.43392897612202
297,76.99873445132947
298,91.86196977179999
299,75.93180759828039
300,22.156549771869564
301,46.2339030221767
302,72.05455519384714
303,81.22291634190496
304,56.781349835668316
305,36.79897918735082
306,70.30090927222734
307,99.56746813469164
308,81.5444365397817
309,58.04028890429884
310,38.23809786175144
311,55.58265120574644
312,41.81167677686684
313,76.40026650129595
314,27.872226519846848
315,28.858117044020013
316,53.53935431298887
317,78.10659696473459
318,77.77397284145954
319,71.2698208465004
320,42.98674027357964
321,58.19466564764133
322,41.50959003759053
323,40.50280046998898
324,37.07471807620075
325,25.667177879156842
326,52.88704124728972
327,51.124964693721815
328,61.09195856830834
329,78.84816744582122
330,53.087874359873425
331,39.887666601064254
332,45.64354263984855
333,64.90759806923228
334,53.412652139485274
335,30.55482171530957
336,55.11667385386667
337,20.56298384420709
338,54.43700044275075
339,29.726788803485015
340,67.5831543313661
341,72.29115789555387
342,49.1045520706101
343,62.30367196122422
344,72.05411563701372
345,83.20270266579752
346,52.736674673524696
347,84.52294412211586
348,85.95222626551765
349,36.90734699709601
350,55.945650067656416
351,68.3986817560411
352,52.925848839477524
353,87.1154153369455
354,39.38053149497067
355,60.44564135700119
356,34.37599195835249
357,28.65616481186737
358,46.05186425741657
359,51.242763244193796
360,70.84284180093127
361,27.95662391603027
362,45.60264256816591
363,27.305940036652856
364,42.14123956324228
365,71.84470493942565
366,76.99455399486092
367,88.41842112184267
368,65.36697604461658
369,61.68105960213717
370,55.985606837373865
371,76.68214597598936
372,30.135370451682025
373,63.89827646530248
374,19.04192930003194
375,47.21787135374611
376,87.52912627428893
377,50.81350550752812
378,69.3805576081157
379,75.67380326269813
380,54.748858733819205
381,87.49629451176622
382,38.458803989768995
383,36.572882546144655
384,53.59732860902222
385,86.93881637715324
386,40.34718361196573
387,72.703220412757
388,46.664809178982665
389,74.91878885578203
390,65.44248613389463
391,84.94195582890998
392,71.47342149879333
393,60.912330844764654
394,63.460421118905536
395,68.71539122649304
396,48.47606034972175
397,49.377553477711494
398,34.4739230241033
399,47.988701791198224
400,74.47433413288961
401,47.684497807895845
402,44.99032672414288
403,42.897896859585984
404,48.45670743427448
405,23.6910427111615
406,74.51061419127026
407,59.03108543034742
408,57.29262279184849
409,51.54259605690479
410,67.23591181421492
411,75.9469148407692
412,61.02708808306394
413,51.12331627358152
414,63.38254374947762
415,32.82916050969417
416,75.45674378805666
417,49.70408984843332
418,34.53637458932078
419,92.8459381033694
420,46.61422362937371
421,56.7130982583895
422,68.78329299067634
423,32.52909653090168
424,33.20290547673539
425,42.12501770370562
426,62.30582965720895
427,24.40997697440453
428,36.41183591638732
429,34.46804366230201
430,27.8877733191691
431,70.0989570400747
432,27.149254544253115
433,30.724031928677427
434,78.26297428941069
435,38.893687743004264
436,80.01689279008075
437,73.56213499096312
438,45.515986908117696
439,68.67244362979535
440,63.87943282569965
441,75.13089737406831
442,53.48915151339986
443,92.05051366679655
444,56.358152141692976
445,81.61487587100595
446,44.504477550242456
447,40.328339972362905
448,55.44809146193266
449,53.23814115666673
450,41.10447670997838
451,38.49882044526366
452,62.67996369589113
453,49.99058933642871
454,48.11077726600254
455,77.18349146401958
456,91.90143649949155
457,43.58399936030631
458,34.60330299357821
459,56.20463329387723
460,42.358998625346175
461,49.65761424537355
462,54.556833969816516
463,60.81056794222761
464,76.77419767993888
465,23.053872837388724
466,58.88090957070523
467,60.266064118649965
468,36.723289571868335
469,41.08295408099103
470,49.2844030814248
471,87.28297713017307
472,27.875707388852973
473,51.500098050274325
474,28.476313801052672
475,28.158576148182913
476,55.24436981452791
477,66.77704430808826
478,49.90206448415666
479,94.5139614106441
480,29.7985984450866
481,50.69111951690233
482,37.004238293017835
483,54.15641037451735
484,53.97651007192339
485,71.91822603478126
486,58.16027520871625
487,72.92192830753876
488,56.21648295463093
489,80.71127433881074
490,71.03881820341883
491,56.44230582337364
492,42.39130108729754
493,40.11999910256452
494,44.416722004443855
495,84.1225205268167
496,56.28286163108526
497,34.799718952899184
498,77.80659386513251
499,37.63986541509888
500,55.87079911388212
501,57.26345257922094
502,65.1979048667659
503,41.58597924053544
504,55.11346675732401
505,37.25150775011585
506,34.80132811449401
507,26.42853043852622
508,71.49542744568068
509,38.83602647797983
510,40.89557528823475
511,13.016889221645165
512,38.117990562222204
513,31.861398112950766
514,81.22398616969465
515,64.13806743223816
516,74.32144002531744
517,72.79566569086859
518,41.31395672407261
519,69.21678719971571
520,89.9769374750763
521,21.042438849749104
522,33.660934321153846
523,26.080189229037842
524,74.0349201100903
525,61.090138667863776
526,39.887666601064254
527,41.174026894301974
528,36.00186587867901
529,25.499495090817458
530,79.34478274957979
531,74.16799168742105
532,83.00283841061858
533,39.274331414444
534,52.31445587018792
535,64.10455610697993
536,56.00749178914939
537,47.49158274230789
538,96.8240101083745
539,54.36909867856744
540,34.78578131517176
541,83.69491121029131
542,51.58519503392017
543,59.67905106179486
544,27.672636037131376
545,84.47692730970809
546,40.47753694136652
547,70.44476621323481
548,33.153847352154905
549,46.865062505802555
550,63.70230006281493
551,66.75858974012641
552,75.42832364808399
553,32.59699829508499
554,68.26198908077384
555,68.35501414464923
556,77.12000132238632
557,74.46252942661567
558,27.448098072327582
559,42.732522820303856
560,36.670813611895454
561,35.619573787098986
562,29.08698122493542
563,61.13655458514633
564,48.852523564692945
565,46.19477236574617
566,56.6022188395478
567,66.4311846497357
568,78.97924632062887
569,74.51061419127026
570,28.912520727309325
571,29.726878547222928
572,42.55330208044542
573,84.78295119345502
574,73.77224527601362
575,60.68672424558437
576,49.8720911984943
577,60.504685480824236
578,38.48629572429555
579,85.46045608444408
580,68.64014116784398
581,62.3032324043908
582,26.242214749433742
583,51.26855607338761
584,57.051203832004276
585,57.881284268843885
586,17.328649647002315
587,40.07689005879635
588,80.62978841986758
589,45.57898820113827
590,68.75793971831597
591,93.05492926885097
592,89.9830030484793
593,81.5993290716837
594,25.251207484535424
595,67.95970729007522
596,31.38786292116871
597,92.4323169097639
598,19.727542952139565
599,85.85464381944915
600,70.06714462014922
601,68.04123366097703
602,72.8301559067654
603,63.37096786118738
604,54.00186334428378
605,59.95923163115553
606,66.24334587291423
607,66.33757980009649
608,92.23201309775155
609,49.10120474513706
610,86.71641687451563
611,85.90414150086306
612,30.623122584367636
613,26.787348843967646
614,39.77579789758603
615,41.38021006811563
616,75.7823313261006
617,68.53977115733935
618,36.89824011152031
619,67.17443913963601
620,41.11472273984994
621,55.48506875967794
622,75.12065134419676
623,37.03542163540026
624,84.83507618564778
625,54.56779332898496
626,82.9942408008873
627,81.19984176064114
628,56.730293477852044
629,50.11431323137333
630,26.832524646569432
631,40.29015814861024
632,43.55825701630495
633,70.78615942654541
634,29.658976783039616
635,35.24083188103124
636,56.36893750536968
637,45.64101060352029
638,72.56836018635556
639,88.53679945807843
640,46.39116830034025
641,80.62609681201172
642,77.32195908525163
643,71.56982394610246
644,82.18522300896986
645,47.90022742411863
646,69.27830032625329
647,38.313623875740134
648,63.979103248741865
649,57.16596107030355
650,95.34190338531754
651,65.72235618743385
652,53.52038967827422
653,26.05206722355503
654,62.4085510231528
655,78.94572946465797
656,33.728565660710196
657,88.79480379366069
658,67.8230350420397
659,66.9747655985799
660,89.39269315134362
661,76.16998940362123
662,40.672010683356845
663,32.77541715532182
664,59.04570263081036
665,55.351018291708606
666,74.77340882704557
667,42.963085906552
668,62.23239162019397
669,63.18798026374938
670,74.28962760539196
671,42.79508455649101
672,65.15370795480268
673,46.15579448666729
674,25.92192463300397
675,54.947113827403314
676,40.1198781074527
677,49.91236099922068
678,55.50823427809289
679,26.024625974220925
680,42.88168053076201
681,56.195717122424355
682,80.02718930514476
683,54.516207670597346
684,51.86956159046208
685,54.77790361403546
686,71.6732352687798
687,58.0185062446825
688,87.08048556421528
689,59.59764568600487
690,47.22223802181637
691,31.02007785908195
692,39.08262521216292
693,71.27146926664068
694,40.88469898740693
695,71.81223669310432
696,35.888478950757076
697,43.27863580547633
698,38.591965310837686
699,48.770717890614996
700,76.3847197019737
701,71.00651574146745
702,63.328368884171994
703,60.44564135700119
704,63.96987536805433
705,64.55688842490945
706,67.99574614914059
707,49.639928983885135
708,36.25496421238586
709,29.529953312057515
710,41.07591514766214
711,16.255403875318493
712,27.250562993437654
713,46.72507299025471
714,27.713771612194993
715,31.37338594963615
716,36.53033405432173
717,70.23742466130676
718,19.73841925296739
719,36.504541225127916
720,32.35832764113145
721,75.05880962270378
722,40.003103402099065
723,33.17983089547155
724,21.368074524887703
725,23.666239166604218
726,47.56737213476209
727,33.56002497684406
728,61.10264415501333
729,21.0837380263065
730,42.06692241256045
731,75.73631451369283
732,36.512479699355424
733,28.115397385403732
734,41.18729500252768
735,84.5308421443847
736,72.88032864839371
737,51.83405203196805
738,32.493047638602505
739,57.87228755423785
740,39.22152685951571
741,72.5614109967646
742,54.78457903116297
743,45.6215366929612
744,47.96334851883783
745,52.515878801769226
746,72.50474904961048
747,85.69524007911943
748,27.421186123564823
749,18.601487094814793
750,66.43465297032056
751,17.24894317654507
752,48.491607149044
753,70.49977974024863
754,43.55446563147737
755,68.67111377137667
756,68.22252235308227
757,64.78717220798146
758,71.17451709152844
759,69.4170405265356
760,49.030770944625495
761,55.17779790876328
762,58.645706043923354
763,65.89918511989441
764,69.91766834796945
765,39.94371870449386
766,47.69144699748682
767,41.996312794445124
768,42.156346805731104
769,69.17859984525037
770,71.70767619289734
771,19.309161516301714
772,41.31060939859957
773,37.66306099147454
774,41.52124898422141
775,36.81836216075879
776,48.70759679589579
777,42.91465252221511
778,30.7824457815442
779,31.162836107752234
780,68.84260267584106
781,50.28882421419188
782,59.67089300889701
783,66.5647955608716
784,46.04326664768529
785,33.8496117596835
786,45.36887791608778
787,34.07383550006517
788,68.07683296320897
789,66.8227506046746
790,47.231808991473535
791,71.46268542689589
792,67.5887803479357
793,33.28117426590208
794,38.74541364873407
795,40.086557496317305
796,41.7480251881631
797,64.13529869911574
798,69.07457867884852
799,44.63635949808492
800,79.21073228161046
801,46.98147819747594
802,63.51156722045973
803,30.11861478905291
804,44.24238250192958
805,59.722119653604366
806,71.39963484209605
807,51.18301953290833
808,50.095469591770495
809,80.39019369776742
810,60.8617140437818
811,83.2914967880119
812,48.76255983771715
813,53.62331215233887
814,79.59623266314634
815,66.12528176110057
816,51.43709675725374
817,89.55627734814189
818,23.02580131709836
819,53.10618869890491
820,21.243691494439318
821,33.36764924506125
822,37.09147373882986
823,47.094187910760155
824,50.02289179838008
825,78.99479311995113
826,64.29911959270817
827,67.25961666643502
828,56.40123996732104
829,71.66351853947958
830,79.43264846634807
831,79.96364867831903
832,36.42461398258713
833,53.177998340506505
834,72.07895963352966
835,54.50925848100637
836,32.37552286059399
837,44.58307493436455
838,34.116923325693236
839,74.73741041993887
840,26.393690409533917
841,72.1069101587082
842,79.05523641869902
843,36.297512704208785
844,60.186976692501986
845,84.77435358372375
846,88.96508383481823
847,21.773308847611673
848,78.46532562643809
849,79.71914795434347
850,32.115475337296175
851,68.74074449885342
852,63.57078163117385
853,79.28294102808681
854,57.61460178037721
855,78.20190071970653
856,28.729412134759514
857,70.66391366485
858,37.304741828643756
859,41.96299218330973
860,40.7133503118729
861,33.14796245964092
862,56.14065311021808
863,48.46353562875364
864,76.75637218952008
865,67.59686868182251
866,21.76338137946172
867,78.36295288017654
868,92.20613052481983
869,75.31912270734328
870,33.18147931561184
871,55.38018969774935
872,66.67260360957991
873,71.55000141586106
874,85.3884087850382
875,46.49736838086692
876,36.135027199747704
877,57.042606222273
878,76.78818460944555
879,43.15265364666692
880,55.36812376743322
881,65.4510837436259
882,56.36728908522939
883,54.53015083903745
884,51.476393198054225
885,68.46916153922402
886,47.41982358589876
887,70.56647264112507
888,64.46114511310407
889,77.50715012406249
890,71.44272266772411
891,81.92419659503346
892,48.12930234388377
893,55.551322103720956
894,71.1018194964394
895,78.55955955362036
896,63.96355644941961
897,73.07786372728363
898,64.27638810041397
899,39.68265303201201
900,68.65178008974794
901,48.25735245493999
902,41.72267191580271
903,46.69932061301956
904,81.17711026834692
905,70.90423393235703
906,57.02931888022874
907,54.82535810773379
908,46.819306917436975
909,54.27281603295692
910,48.770717890614996
911,35.1752032772318
912,34.82939963478437
913,58.032200570412016
914,51.08589707090501
915,30.202462457433235
916,34.68447286598722
917,85.12931009441824
918,20.976459278169543
919,81.43453601157856
920,63.48621394809935
921,75.51342616244251
922,33.211452601274196
923,75.5348018383736
924,95.0579359336504
925,44.417212046469736
926,66.98336320831118
927,43.4719904278977
928,65.95519796477855
929,67.60337831458008
930,60.0301105192132
931,53.70785940818162
932,75.15807054687326
933,75.93313745669906
934,75.1562506464287
935,61.978314395848564
936,67.7695597641965
937,40.96600908874632
938,48.14810553152794
939,48.88552561410673
940,48.6582201095937
941,35.42621916467761
942,88.0828579785541
943,31.186031684127887
944,91.66380442195381
945,77.18393102085301
946,70.21959917088796
947,74.4915798375446
948,58.64665487660122
949,42.97396220737983
950,72.10570129540133
951,77.53794873210342
952,72.4610814382186
953,34.55356980878332
954,36.68756927452457
955,63.33652693706984
956,87.93628832032934
957,86.36365851176453
958,61.951862431150985
959,53.96912132549899
960,58.46189786391111
961,74.68167687823086
962,61.89104889207584
963,52.95538256830646
964,65.91847834956445
965,66.9489727693861
966,61.137104312949425
967,72.69980257736461
968,16.697439678183997
969,87.15262380077229
970,74.65588404903706
971,41.73296843086672
972,53.62331215233887
973,53.92606355783162
974,59.01063262914976
975,34.60583502990646
976,78.730768000224
977,58.22599474966681
978,87.94551620101686
979,83.01099646351642
980,65.81298944391136
981,18.348388761107955
982,21.89373470886251
983,43.9918814210409
984,43.1010579550455
985,77.77397284145954
986,34.61287396323536
987,92.73459870046253
988,24.042072110619145
989,66.183203056754
990,22.394591348280045
991,25.105917199536886
992,41.741075998572114
993,85.93105344962581
994,48.23971767864403
995,58.21948961943037
996,35.298487615343
997,17.776922503575094
998,57.43961198217978
999,73.9282716329096
1000,96.56485659526261
1001,66.21582408042697
