experiment,n_features,learning_rate,iterations,val MSE,val RMSE
A: Previous Scores only,1,0.1,161,65.56264799024385,8.09707650885453
B: A + Hours Studied,2,0.1,161,11.357515194324199,3.370091273886243
C: 5 core features,5,0.1,161,8.375847502722689,2.894105648161913
D: C + Sleep Hours Sq,6,0.1,162,4.278574594608783,2.0684715600193258
E: D + Weekly Study Hours,7,0.1,1155,4.27857940507378,2.068472722825655
F: D + Commute Minutes,7,0.1,162,4.290583661888728,2.0713724102364424
G: all 7 + Sleep Hours Sq,8,0.1,1155,4.29064583296666,2.0713874174008735
D: C + Sleep Hours Sq (lr sweep),6,0.001,14459,4.2785728846840305,2.0684711466887884
D: C + Sleep Hours Sq (lr sweep),6,0.01,1557,4.278574156110442,2.0684714540235847
D: C + Sleep Hours Sq (lr sweep),6,0.1,162,4.278574594608783,2.0684715600193258
D: C + Sleep Hours Sq (lr sweep),6,0.5,28,4.278574730201538,2.0684715927953996
